<assembly
	xmlns="http://maven.apache.org/plugins/maven-assembly-plugin/assembly/1.1.2"
	xmlns:xsi="http://www.w3.org/2001/XMLSchema-instance"
	xsi:schemaLocation="http://maven.apache.org/plugins/maven-assembly-plugin/assembly/1.1.2 http://maven.apache.org/xsd/assembly-1.1.2.xsd">
	<!-- TODO: a jarjar format would be better -->
	<id>jar-with-dependencies</id>
	<formats>
		<format>jar</format>
	</formats>
	<includeBaseDirectory>false</includeBaseDirectory>
	<dependencySets>
		<dependencySet>
			<outputDirectory>/</outputDirectory>
			<useProjectArtifact>true</useProjectArtifact>
			<unpack>true</unpack>
			<scope>runtime</scope>
			<excludes>
				<exclude>junit:junit</exclude>
				<exclude>javax.servlet:jsp-api</exclude>
				<exclude>org.json:json</exclude>
				<exclude>javax.servlet:jsp</exclude>
				<exclude>tomcat:jasper-compiler</exclude>
				<exclude>com.googlecode:minlog</exclude>
				<exclude>org.codehaus.janino:janino</exclude>
				<exclude>commons-beanutils:commons-beanutils-core</exclude>
				<exclude>commons-beanutils:commons-beanutils</exclude>
				<exclude>org.apache.hadoop:hadoop-core</exclude>
				<exclude>org.apache.hadoop:hadoop-tools</exclude>
				<exclude>nz.ac.waikato.cms.weka:weka-stable</exclude>

			</excludes>
		</dependencySet>
	</dependencySets>
</assembly>